,movie_code,duration,facenumber_in_poster,country,budget,gross,num_voted_users,num_user_for_reviews,num_critic_for_reviews,movie_facebook_likes,director_facebook_likes,actor_1_facebook_likes,actor_2_facebook_likes,actor_3_facebook_likes,cast_total_facebook_likes,imdb_score,imdb_score_class
3415,3416,99.0,4.0,USA,8000000.0,127144.0,5159,27.0,32.0,143,387.0,8000.0,489.0,399.0,9608,5.5,Fair
4769,4770,90.0,3.0,USA,500000.0,,5025,45.0,26.0,701,0.0,322.0,178.0,120.0,630,6.6,Good
3187,3188,83.0,5.0,USA,10000000.0,4244155.0,56005,112.0,182.0,0,157.0,2000.0,616.0,581.0,3374,6.5,Good
4173,4174,105.0,1.0,USA,,2276368.0,3849,37.0,74.0,0,147.0,52.0,52.0,28.0,179,7.9,Good
2082,2083,97.0,0.0,USA,22000000.0,144833357.0,64742,111.0,64.0,0,11.0,901.0,775.0,595.0,2790,6.4,Good
3763,3764,90.0,0.0,USA,,6088249.0,67853,202.0,61.0,0,4.0,2000.0,936.0,556.0,5202,7.0,Good
1080,1081,97.0,1.0,USA,45000000.0,93452056.0,184795,310.0,207.0,22000,0.0,11000.0,2000.0,760.0,14868,7.4,Good
3655,3656,90.0,0.0,USA,6000000.0,,6741,11.0,13.0,0,139.0,2000.0,2000.0,1000.0,6569,6.5,Good
4150,4151,89.0,1.0,France,2200000.0,3645438.0,55040,539.0,251.0,0,192.0,447.0,236.0,142.0,923,6.8,Good
2508,2509,121.0,1.0,UK,17000000.0,16311763.0,50656,416.0,125.0,0,0.0,989.0,888.0,244.0,2365,7.5,Good
4867,4868,99.0,0.0,USA,250000.0,49494.0,8511,87.0,162.0,0,261.0,924.0,835.0,461.0,2862,3.9,Bad
4583,4584,135.0,1.0,USA,65000000.0,43982842.0,125114,593.0,308.0,16000,0.0,873.0,559.0,310.0,2369,6.7,Good
1543,1544,92.0,1.0,Germany,32000000.0,80197993.0,65551,441.0,163.0,0,100.0,678.0,635.0,327.0,1729,5.7,Fair
4360,4361,93.0,0.0,USA,1800000.0,12784397.0,70336,269.0,663.0,31000,188.0,2000.0,458.0,168.0,2658,7.3,Good
2184,2185,72.0,0.0,USA,20000000.0,47887943.0,11634,58.0,85.0,227,0.0,3000.0,455.0,384.0,4480,5.4,Fair
190,191,90.0,0.0,USA,130000000.0,149234747.0,114287,137.0,246.0,16000,50.0,4000.0,442.0,397.0,5046,6.7,Good
1320,1321,101.0,2.0,USA,25000000.0,876671.0,22010,90.0,94.0,0,47.0,499.0,3.0,2.0,504,6.9,Good
2409,2410,113.0,1.0,USA,18000000.0,43601508.0,35718,317.0,111.0,0,22.0,727.0,171.0,148.0,1310,6.7,Good
845,846,101.0,2.0,USA,55000000.0,98711404.0,127571,207.0,247.0,0,189.0,15000.0,11000.0,7000.0,39822,6.3,Good
4782,4783,84.0,0.0,UK,450000.0,379122.0,10143,54.0,365.0,0,3.0,10000.0,651.0,446.0,12496,7.1,Good
4752,4753,100.0,3.0,USA,500000.0,31937.0,1358,10.0,9.0,60,6.0,396.0,326.0,325.0,2310,5.7,Fair
272,273,82.0,1.0,USA,109000000.0,100446895.0,36033,456.0,109.0,946,34.0,760.0,743.0,434.0,2762,3.8,Bad
3275,3276,176.0,4.0,India,7217600.0,3047539.0,42296,286.0,50.0,12000,147.0,8000.0,3000.0,1000.0,13762,6.9,Good
2455,2456,112.0,0.0,Greece,18000000.0,3707794.0,31359,156.0,263.0,0,337.0,4000.0,820.0,201.0,5671,6.7,Good
4060,4061,108.0,0.0,USA,3000000.0,,33741,141.0,70.0,0,174.0,253.0,197.0,110.0,649,8.1,Excellent
627,628,115.0,1.0,USA,50000000.0,25121291.0,177653,279.0,286.0,34000,101.0,13000.0,1000.0,585.0,15708,6.7,Good
2406,2407,180.0,0.0,USA,18000000.0,51600000.0,270790,549.0,134.0,16000,869.0,692.0,670.0,521.0,3076,8.3,Excellent
4835,4836,104.0,1.0,Cameroon,,32631.0,291,8.0,27.0,50,0.0,2.0,0.0,,2,7.5,Good
2794,2795,115.0,0.0,USA,14000000.0,13640000.0,6011,39.0,25.0,905,0.0,1000.0,848.0,534.0,3267,6.9,Good
2250,2251,108.0,1.0,USA,20000000.0,17803796.0,26100,97.0,110.0,484,480.0,970.0,931.0,579.0,4374,5.9,Fair
3115,3116,109.0,1.0,USA,10000000.0,33000000.0,9424,109.0,55.0,0,78.0,854.0,841.0,619.0,3394,6.9,Good
4819,4820,98.0,2.0,USA,350000.0,,209,8.0,4.0,240,0.0,196.0,3.0,0.0,199,3.4,Bad
4470,4471,97.0,2.0,India,1500000.0,100358.0,1167,24.0,5.0,66,0.0,374.0,145.0,40.0,602,3.3,Bad
559,560,93.0,0.0,USA,75000000.0,5409517.0,14280,171.0,74.0,683,253.0,3000.0,889.0,637.0,5580,4.7,Fair
4951,4952,94.0,0.0,France,120000.0,,1962,10.0,36.0,187,0.0,12.0,7.0,5.0,27,7.4,Good
1484,1485,120.0,1.0,USA,35000000.0,18317151.0,55630,200.0,171.0,0,52.0,553.0,214.0,134.0,1082,6.7,Good
3366,3367,108.0,2.0,USA,8000000.0,34746109.0,3122,14.0,11.0,559,0.0,585.0,434.0,388.0,3023,5.6,Fair
1463,1464,109.0,5.0,UK,35000000.0,28995450.0,19230,59.0,97.0,0,24.0,287.0,175.0,167.0,855,6.1,Good
2165,2166,105.0,0.0,USA,20000000.0,80050171.0,186984,491.0,253.0,0,154.0,884.0,617.0,501.0,2287,6.9,Good
3813,3814,130.0,0.0,USA,5000000.0,,15988,153.0,64.0,2000,0.0,1000.0,849.0,826.0,5191,6.8,Good
4776,4777,84.0,2.0,USA,500000.0,,15,1.0,1.0,9,0.0,385.0,169.0,53.0,683,5.2,Fair
4234,4235,90.0,3.0,UK,1200000.0,,480,14.0,10.0,172,11.0,114.0,79.0,18.0,244,5.8,Fair
3602,3603,104.0,4.0,USA,6000000.0,12793213.0,18286,73.0,34.0,0,80.0,8000.0,960.0,658.0,10430,6.2,Good
4649,4650,107.0,2.0,USA,850000.0,819939.0,14580,252.0,35.0,0,6.0,23000.0,813.0,522.0,26017,7.2,Good
369,370,121.0,0.0,USA,75000000.0,83077470.0,183247,440.0,269.0,0,0.0,10000.0,1000.0,919.0,14165,7.1,Good
1267,1268,93.0,0.0,USA,25000000.0,32055248.0,18723,146.0,70.0,0,85.0,924.0,595.0,510.0,2711,6.0,Fair
2364,2365,113.0,6.0,USA,13000000.0,51697449.0,8346,59.0,36.0,1000,0.0,607.0,269.0,256.0,1465,4.1,Fair
3173,3174,40.0,2.0,USA,,,111506,173.0,68.0,0,,1000.0,722.0,476.0,2198,7.9,Good
2786,2787,91.0,0.0,UK,14000000.0,16298046.0,22207,747.0,125.0,0,31.0,874.0,613.0,50.0,1608,5.0,Fair
4832,4833,80.0,1.0,USA,200000.0,856942.0,12241,112.0,189.0,0,129.0,375.0,44.0,26.0,460,7.1,Good
4254,4255,102.0,1.0,Hong Kong,2000000.0,11546543.0,34520,146.0,77.0,0,32.0,483.0,147.0,75.0,768,7.6,Good
4871,4872,101.0,0.0,UK,,,70076,120.0,77.0,14000,17.0,766.0,438.0,289.0,2123,6.9,Good
1977,1978,140.0,1.0,USA,25000000.0,13651662.0,332276,514.0,317.0,77000,149.0,27000.0,798.0,581.0,29692,8.2,Excellent
4759,4760,95.0,0.0,UK,500000.0,,1006,11.0,48.0,808,3.0,30.0,27.0,25.0,119,7.3,Good
4918,4919,93.0,0.0,USA,,,191,1.0,18.0,142,0.0,110.0,79.0,75.0,338,6.3,Good
1047,1048,120.0,1.0,USA,48000000.0,50173190.0,148490,537.0,140.0,0,34.0,18000.0,12000.0,1000.0,33615,7.4,Good
3375,3376,60.0,2.0,USA,,,5817,25.0,9.0,0,,666.0,579.0,460.0,4043,7.1,Good
4984,4985,83.0,0.0,Canada,,,3885,40.0,73.0,1000,8.0,111.0,19.0,8.0,147,6.7,Good
742,743,89.0,0.0,USA,60000000.0,66734992.0,23476,181.0,73.0,858,18.0,658.0,257.0,226.0,1233,4.4,Fair
140,141,124.0,0.0,USA,150000000.0,133382309.0,256695,871.0,310.0,0,14000.0,22000.0,10000.0,979.0,34817,6.9,Good
3315,3316,86.0,0.0,Australia,11400000.0,13751.0,813,6.0,24.0,135,11.0,185.0,62.0,18.0,299,6.6,Good
2510,2511,89.0,2.0,USA,4000000.0,15655665.0,9104,112.0,37.0,110,0.0,690.0,400.0,323.0,2135,3.1,Bad
2494,2495,123.0,5.0,USA,17000000.0,70492685.0,11600,64.0,56.0,7000,92.0,1000.0,886.0,849.0,5306,6.7,Good
3097,3098,101.0,0.0,UK,10000000.0,55865715.0,41763,403.0,173.0,0,13.0,494.0,392.0,368.0,2013,5.5,Fair
2179,2180,104.0,0.0,USA,1800000.0,,82476,280.0,138.0,0,607.0,813.0,165.0,109.0,1196,7.8,Good
3119,3120,130.0,8.0,USA,10000000.0,30651422.0,181737,1015.0,206.0,10000,0.0,13000.0,1000.0,769.0,16693,7.4,Good
4248,4249,60.0,1.0,USA,,,2258,24.0,1.0,763,,480.0,360.0,213.0,1736,7.4,Good
776,777,91.0,1.0,Spain,70000000.0,42194060.0,41259,72.0,156.0,0,2.0,12000.0,10000.0,480.0,22668,6.1,Good
2562,2563,94.0,3.0,USA,16000000.0,20627372.0,13661,134.0,67.0,487,7.0,3000.0,240.0,95.0,3451,5.3,Fair
3951,3952,92.0,1.0,USA,4000000.0,12836.0,1686,28.0,12.0,161,19.0,18000.0,759.0,599.0,20135,5.8,Fair
4838,4839,94.0,0.0,USA,300000.0,40542.0,294,16.0,16.0,26,37.0,318.0,157.0,104.0,751,5.5,Fair
4309,4310,97.0,1.0,USA,2000000.0,,10182,130.0,46.0,810,97.0,787.0,196.0,163.0,1362,5.9,Fair
3185,3186,120.0,0.0,USA,10000000.0,5484375.0,84641,205.0,198.0,0,0.0,23000.0,342.0,294.0,24270,7.3,Good
3790,3791,94.0,1.0,Canada,2200000.0,,1599,27.0,24.0,274,0.0,311.0,59.0,51.0,498,7.2,Good
939,940,123.0,0.0,USA,60000000.0,105264608.0,239752,406.0,120.0,11000,277.0,11000.0,10000.0,4000.0,25697,7.6,Good
2937,2938,96.0,0.0,USA,12000000.0,31597131.0,97938,605.0,207.0,0,132.0,49000.0,989.0,933.0,52138,6.8,Good
829,830,97.0,2.0,USA,58000000.0,28328132.0,38298,147.0,117.0,782,420.0,4000.0,3000.0,455.0,9814,6.3,Good
1306,1307,100.0,2.0,USA,,12081447.0,7794,25.0,88.0,866,92.0,1000.0,760.0,706.0,4103,6.5,Good
2587,2588,161.0,0.0,France,13000000.0,336467.0,45449,192.0,216.0,23000,929.0,488.0,289.0,116.0,943,7.3,Good
498,499,177.0,1.0,USA,80000000.0,17593391.0,56403,376.0,79.0,0,0.0,766.0,674.0,582.0,4346,6.0,Fair
1435,1436,147.0,2.0,USA,35000000.0,41954997.0,225122,234.0,117.0,0,179.0,40000.0,14000.0,646.0,56014,7.8,Good
1262,1263,123.0,2.0,USA,40000000.0,33508922.0,95860,660.0,157.0,16000,75.0,18000.0,3000.0,754.0,23920,7.2,Good
543,544,118.0,4.0,USA,53000000.0,55808744.0,59435,323.0,161.0,0,473.0,12000.0,1000.0,680.0,15889,5.7,Fair
1202,1203,155.0,0.0,USA,40000000.0,82522790.0,143835,654.0,181.0,14000,0.0,18000.0,12000.0,10000.0,42220,7.5,Good
4532,4533,121.0,1.0,UK,1000000.0,,8508,56.0,30.0,328,62.0,883.0,269.0,69.0,1371,6.8,Good
1488,1489,101.0,1.0,USA,35000000.0,10268846.0,31918,142.0,166.0,0,57.0,1000.0,603.0,230.0,1947,5.5,Fair
4029,4030,99.0,2.0,UK,2200000.0,104257.0,19194,160.0,47.0,0,8.0,798.0,472.0,78.0,1430,7.1,Good
2557,2558,121.0,1.0,UK,8000000.0,23618786.0,352695,687.0,285.0,17000,1000.0,175.0,115.0,108.0,485,7.9,Good
4798,4799,88.0,3.0,USA,218.0,592014.0,5709,114.0,72.0,754,20.0,58.0,20.0,0.0,78,7.2,Good
932,933,115.0,1.0,USA,50000000.0,135014968.0,80580,375.0,55.0,0,293.0,49000.0,22000.0,878.0,74382,6.7,Good
4699,4700,90.0,0.0,USA,,169719.0,7384,79.0,143.0,0,13.0,977.0,511.0,432.0,2483,5.2,Fair
52,53,154.0,2.0,USA,195000000.0,352358779.0,326180,899.0,428.0,46000,0.0,894.0,829.0,581.0,2593,6.3,Good
2539,2540,113.0,2.0,USA,16000000.0,127175354.0,288451,438.0,84.0,0,137.0,879.0,854.0,481.0,2985,7.3,Good
3570,3571,106.0,0.0,UK,6500000.0,64148.0,2601,35.0,28.0,260,19.0,844.0,2.0,0.0,846,7.3,Good
3050,3051,98.0,4.0,UK,11000000.0,18381787.0,15684,126.0,175.0,13000,0.0,358.0,156.0,123.0,1114,6.8,Good
3914,3915,107.0,2.0,USA,25000000.0,14637490.0,16411,136.0,160.0,0,0.0,798.0,374.0,255.0,2537,4.8,Fair
1989,1990,117.0,1.0,UK,25000000.0,,3334,52.0,21.0,739,71.0,433.0,54.0,42.0,611,4.8,Fair
4143,4144,113.0,0.0,Brazil,2900000.0,5595428.0,28951,257.0,71.0,0,179.0,119.0,14.0,11.0,167,8.0,Good
961,962,45.0,2.0,UK,,,1824,9.0,2.0,0,,416.0,171.0,132.0,1816,7.9,Good
1859,1860,100.0,2.0,USA,26000000.0,,8118,69.0,22.0,0,2.0,642.0,638.0,512.0,2170,6.3,Good
3159,3160,87.0,1.0,USA,22000000.0,11560259.0,15617,180.0,63.0,0,13.0,15000.0,4000.0,869.0,22485,5.8,Fair
168,169,124.0,3.0,UK,130000000.0,68642452.0,77673,463.0,163.0,0,42.0,11000.0,973.0,848.0,13073,6.0,Fair
2505,2506,105.0,0.0,USA,,21160089.0,8522,92.0,54.0,874,49.0,680.0,503.0,104.0,1538,6.0,Fair
1706,1707,108.0,3.0,USA,30000000.0,8535575.0,24033,152.0,107.0,0,529.0,11000.0,329.0,83.0,11519,7.0,Good
253,254,125.0,0.0,USA,110000000.0,125531634.0,284852,627.0,198.0,0,0.0,11000.0,8000.0,350.0,19359,6.4,Good
2698,2699,96.0,1.0,USA,15000000.0,10494147.0,7403,162.0,44.0,648,4.0,989.0,841.0,670.0,3142,5.1,Fair
4635,4636,90.0,1.0,USA,989000.0,,443,4.0,6.0,42,29.0,1000.0,569.0,558.0,2504,4.8,Fair
4325,4326,90.0,1.0,USA,2000000.0,,355,6.0,8.0,44,5.0,601.0,453.0,372.0,2395,4.6,Fair
1533,1534,94.0,2.0,USA,30000000.0,17120019.0,83097,134.0,258.0,12000,132.0,26000.0,828.0,317.0,27759,6.5,Good
2344,2345,7.0,0.0,USA,13000.0,,118,,,30,23.0,344.0,281.0,51.0,726,5.2,Fair
1692,1693,110.0,1.0,USA,35000000.0,16295774.0,33669,269.0,81.0,0,8.0,1000.0,692.0,322.0,3000,4.6,Fair
264,265,127.0,1.0,USA,110000000.0,85463309.0,254841,426.0,327.0,36000,189.0,20000.0,929.0,544.0,22254,7.1,Good
5014,5015,100.0,0.0,USA,23000.0,1227508.0,15103,80.0,61.0,2000,0.0,5.0,0.0,0.0,5,7.1,Good
2584,2585,92.0,9.0,USA,16000000.0,13922211.0,18271,150.0,75.0,0,29.0,939.0,881.0,618.0,3935,4.4,Fair
3354,3355,178.0,1.0,USA,8000000.0,107930000.0,1324680,2195.0,215.0,45000,16000.0,13000.0,902.0,857.0,16557,8.9,Excellent
3741,3742,82.0,5.0,USA,5000000.0,13350177.0,7904,113.0,74.0,562,7.0,1000.0,984.0,664.0,4856,3.8,Bad
3352,3353,150.0,1.0,USA,8500000.0,140244.0,20419,259.0,147.0,8000,163.0,2000.0,716.0,636.0,4168,6.7,Good
1086,1087,83.0,7.0,USA,45000000.0,71277420.0,119590,548.0,127.0,0,322.0,1000.0,422.0,179.0,1645,5.2,Fair
1111,1112,177.0,3.0,USA,40000000.0,27400000.0,97087,569.0,144.0,11000,0.0,913.0,362.0,202.0,2449,6.6,Good
2868,2869,94.0,2.0,France,13000000.0,6241697.0,16059,210.0,81.0,0,26.0,16000.0,8000.0,4000.0,31005,6.1,Good
864,865,91.0,1.0,USA,55000000.0,55747724.0,18042,73.0,118.0,0,39.0,1000.0,591.0,562.0,3104,5.9,Fair
1528,1529,99.0,0.0,USA,33000000.0,35057332.0,45394,72.0,121.0,19000,35.0,3000.0,594.0,433.0,4863,6.5,Good
394,395,106.0,2.0,USA,38000000.0,144512310.0,272223,988.0,187.0,14000,357.0,23000.0,14000.0,4000.0,45327,6.7,Good
3385,3386,138.0,0.0,USA,8000000.0,10269307.0,53251,188.0,91.0,0,78.0,12000.0,3000.0,968.0,17524,6.3,Good
4022,4023,94.0,0.0,USA,3400000.0,,15115,102.0,55.0,0,0.0,1000.0,628.0,605.0,2861,6.7,Good
691,692,133.0,1.0,USA,64000000.0,31054924.0,17025,290.0,96.0,295,521.0,11000.0,1000.0,970.0,16710,5.1,Fair
3641,3642,85.0,0.0,USA,6000000.0,36497.0,7367,37.0,26.0,850,0.0,11000.0,826.0,499.0,14599,4.7,Fair
1331,1332,106.0,2.0,USA,38000000.0,144512310.0,272227,988.0,187.0,14000,357.0,23000.0,14000.0,4000.0,45327,6.7,Good
2338,2339,118.0,0.0,France,140000000.0,146072.0,7147,16.0,8.0,136,8.0,106.0,56.0,11.0,182,6.0,Fair
1336,1337,113.0,1.0,USA,40000000.0,29802761.0,46480,115.0,211.0,12000,88.0,22000.0,13000.0,785.0,36009,6.4,Good
1872,1873,129.0,0.0,USA,25000000.0,121945720.0,89972,126.0,48.0,0,81.0,970.0,854.0,164.0,2551,6.1,Good
211,212,129.0,2.0,USA,125000000.0,186830669.0,338635,412.0,382.0,39000,0.0,21000.0,979.0,154.0,22403,7.5,Good
4938,4939,66.0,0.0,USA,150000.0,,502,9.0,16.0,207,4.0,502.0,366.0,232.0,1796,5.3,Fair
2345,2346,102.0,3.0,China,25000000.0,,5154,29.0,29.0,314,10.0,483.0,472.0,60.0,1113,6.2,Good
3522,3523,97.0,0.0,USA,7000000.0,1768416.0,35848,198.0,301.0,0,0.0,227.0,218.0,106.0,684,6.3,Good
3723,3724,134.0,1.0,USA,5000000.0,20733485.0,11622,157.0,95.0,1000,3000.0,205.0,130.0,77.0,428,7.2,Good
982,983,141.0,1.0,USA,50000000.0,47105085.0,136973,275.0,276.0,47000,71.0,21000.0,3000.0,3000.0,30183,7.4,Good
4771,4772,94.0,0.0,USA,150000.0,,60,2.0,3.0,381,0.0,918.0,402.0,212.0,2091,4.0,Bad
1932,1933,160.0,0.0,Japan,25000000.0,14500000.0,25019,159.0,79.0,0,130.0,469.0,377.0,288.0,1548,7.5,Good
2426,2427,109.0,1.0,USA,18000000.0,4250320.0,14870,86.0,64.0,0,272.0,155.0,144.0,124.0,605,6.8,Good
1281,1282,128.0,1.0,USA,40000000.0,24332324.0,13830,61.0,12.0,680,545.0,783.0,754.0,353.0,3126,6.1,Good
2322,2323,134.0,0.0,Japan,2400000000.0,2298191.0,221552,570.0,174.0,11000,6000.0,893.0,851.0,745.0,2710,8.4,Excellent
1002,1003,98.0,0.0,Germany,50000000.0,26536120.0,49926,286.0,131.0,0,323.0,933.0,631.0,511.0,3357,6.5,Good
1388,1389,105.0,1.0,USA,37000000.0,20991497.0,39778,172.0,138.0,11000,488.0,15000.0,14000.0,13000.0,44037,5.4,Fair
2083,2084,127.0,0.0,USA,20000000.0,75597042.0,26434,174.0,92.0,0,102.0,2000.0,1000.0,1000.0,6657,7.0,Good
3842,3843,117.0,4.0,UK,4500000.0,52700832.0,107923,197.0,84.0,0,179.0,1000.0,398.0,239.0,1862,7.1,Good
2358,2359,95.0,2.0,USA,20000000.0,51431160.0,62861,232.0,69.0,0,15.0,1000.0,852.0,528.0,3092,5.9,Fair
2928,2929,81.0,0.0,USA,12000000.0,63071133.0,42892,154.0,63.0,0,406.0,13000.0,2000.0,616.0,17035,6.8,Good
906,907,118.0,0.0,USA,50000000.0,73343413.0,217480,429.0,216.0,21000,473.0,18000.0,1000.0,963.0,22517,7.4,Good
4828,4829,91.0,7.0,France,300000.0,1652472.0,2843,25.0,29.0,166,82.0,75.0,9.0,8.0,102,6.9,Good
3851,3852,122.0,0.0,UK,4500000.0,,15175,89.0,48.0,1000,0.0,854.0,652.0,491.0,2762,7.5,Good
3439,3440,100.0,0.0,UK,4500000.0,12574715.0,112138,237.0,278.0,12000,92.0,3000.0,766.0,221.0,4198,7.3,Good
244,245,101.0,0.0,USA,125000000.0,190871240.0,167085,491.0,348.0,62000,473.0,833.0,809.0,429.0,2690,5.9,Fair
2135,2136,106.0,3.0,USA,21000000.0,40219708.0,22649,131.0,85.0,0,48.0,18000.0,558.0,39.0,18630,6.3,Good
4372,4373,90.0,0.0,Canada,1800000.0,,761,12.0,10.0,566,4.0,433.0,108.0,91.0,984,3.4,Bad
2628,2629,183.0,2.0,UK,15000000.0,,232577,1026.0,140.0,11000,517.0,22000.0,11000.0,652.0,34025,8.2,Excellent
134,135,131.0,0.0,China,150000000.0,195000874.0,232187,440.0,465.0,47000,188.0,10000.0,10000.0,641.0,21840,7.4,Good
4237,4238,172.0,5.0,USA,2100000.0,23650000.0,40359,235.0,97.0,0,355.0,749.0,208.0,188.0,1941,8.1,Excellent
3447,3448,112.0,0.0,USA,,533344.0,3972,95.0,51.0,655,119.0,12000.0,844.0,844.0,15396,5.5,Fair
4144,4145,136.0,2.0,USA,2900000.0,,4313,40.0,21.0,612,964.0,931.0,416.0,248.0,2167,7.3,Good
4676,4677,86.0,0.0,USA,750000.0,4007792.0,101287,260.0,271.0,31000,365.0,934.0,830.0,522.0,2714,7.0,Good
149,150,116.0,4.0,USA,144000000.0,118099659.0,69757,1211.0,464.0,62000,176.0,783.0,370.0,322.0,2097,5.5,Fair
3993,3994,121.0,1.0,USA,3500000.0,,5941,74.0,22.0,470,22.0,606.0,481.0,367.0,2402,7.0,Good
409,410,120.0,2.0,USA,85000000.0,112703470.0,69860,214.0,187.0,0,278.0,11000.0,2000.0,963.0,15226,6.6,Good
3109,3110,107.0,2.0,Australia,12305523.0,36200000.0,101840,193.0,117.0,0,750.0,794.0,531.0,60.0,1529,6.2,Good
2755,2756,115.0,3.0,USA,14800000.0,66009973.0,38202,135.0,222.0,41000,13.0,20000.0,17000.0,642.0,38963,5.7,Fair
2808,2809,97.0,4.0,UK,,2656324.0,16444,79.0,135.0,2000,11.0,14000.0,1000.0,548.0,16431,6.7,Good
3555,3556,112.0,2.0,USA,6000000.0,57504069.0,94139,183.0,64.0,0,309.0,27.0,26.0,15.0,106,7.8,Good
3582,3583,122.0,0.0,USA,6000000.0,119078393.0,113152,1416.0,288.0,0,909.0,503.0,328.0,282.0,1448,7.5,Good
1451,1452,98.0,2.0,USA,27000000.0,33987757.0,168314,903.0,212.0,12000,0.0,20000.0,8000.0,23.0,28027,7.3,Good
2080,2081,127.0,0.0,USA,22000000.0,217631306.0,154199,252.0,77.0,0,109.0,2000.0,956.0,71.0,3100,7.0,Good
1278,1279,119.0,1.0,USA,40000000.0,25178165.0,70292,274.0,94.0,8000,7.0,18000.0,9000.0,903.0,29484,6.7,Good
3104,3105,90.0,0.0,Germany,10000000.0,37470017.0,86890,985.0,190.0,0,108.0,1000.0,322.0,270.0,1982,6.1,Good
2099,2100,108.0,2.0,UK,,3108216.0,2587,21.0,134.0,0,24.0,150.0,104.0,100.0,540,6.4,Good
1617,1618,100.0,2.0,USA,30000000.0,63536011.0,34258,178.0,234.0,0,64.0,11000.0,7000.0,329.0,19420,6.3,Good
3370,3371,94.0,3.0,USA,8000000.0,26049082.0,76791,100.0,164.0,0,19.0,363.0,342.0,117.0,1024,6.1,Good
2721,2722,92.0,0.0,USA,20000000.0,4002955.0,33745,198.0,59.0,0,6.0,890.0,729.0,577.0,3654,6.2,Good
1023,1024,127.0,0.0,France,50000000.0,10137232.0,58015,374.0,186.0,0,12000.0,984.0,940.0,897.0,5702,6.0,Fair
2173,2174,134.0,0.0,USA,20000000.0,56667870.0,439176,695.0,597.0,83000,0.0,2000.0,660.0,500.0,4251,8.1,Excellent
4584,4585,96.0,1.0,UK,1000000.0,484221.0,23836,107.0,248.0,20000,50.0,3.0,3.0,0.0,6,8.2,Excellent
4745,4746,88.0,0.0,USA,500000.0,151389.0,774,7.0,39.0,590,0.0,342.0,79.0,49.0,483,7.1,Good
2921,2922,102.0,0.0,USA,12000000.0,75074950.0,22147,156.0,91.0,770,167.0,656.0,528.0,436.0,2754,6.3,Good
715,716,119.0,1.0,USA,60000000.0,121468960.0,407601,849.0,249.0,0,218.0,13000.0,147.0,73.0,13249,7.9,Good
328,329,93.0,1.0,USA,90000000.0,59475623.0,49739,407.0,169.0,0,0.0,11000.0,2000.0,465.0,13748,5.2,Fair
1713,1714,251.0,8.0,Italy,30000000.0,5300000.0,221000,495.0,111.0,12000,0.0,22000.0,683.0,642.0,24719,8.4,Excellent
3965,3966,94.0,1.0,South Africa,4000000.0,,724,15.0,3.0,365,103.0,544.0,476.0,111.0,1150,4.7,Fair
3938,3939,99.0,3.0,UK,3000000.0,302204.0,6705,53.0,43.0,167,13.0,419.0,254.0,159.0,975,6.6,Good
2356,2357,97.0,0.0,USA,20000000.0,100292856.0,160418,296.0,286.0,16000,52.0,3000.0,957.0,384.0,5547,5.7,Fair
3213,3214,95.0,3.0,Hong Kong,10000000.0,866778.0,44208,117.0,192.0,0,0.0,20000.0,329.0,20.0,20364,6.7,Good
573,574,125.0,0.0,Germany,70000000.0,62647540.0,143525,657.0,262.0,0,0.0,15000.0,383.0,210.0,15850,7.1,Good
4073,4074,97.0,0.0,USA,3000000.0,,1361,16.0,7.0,889,78.0,685.0,178.0,77.0,1163,6.6,Good
2088,2089,122.0,3.0,USA,22000000.0,54235441.0,52894,185.0,180.0,55000,529.0,820.0,201.0,171.0,1484,7.3,Good
1077,1078,113.0,2.0,USA,40000000.0,95149435.0,53687,152.0,77.0,1000,0.0,11000.0,1000.0,995.0,15362,5.7,Fair
1837,1838,117.0,3.0,USA,27000000.0,87341380.0,255257,374.0,232.0,0,234.0,11000.0,989.0,919.0,15590,7.0,Good
1620,1621,109.0,3.0,USA,45000000.0,74484168.0,109894,340.0,123.0,0,309.0,1000.0,654.0,482.0,2740,6.9,Good
3956,3957,120.0,0.0,Russia,4000000.0,,2488,3.0,8.0,282,0.0,114.0,45.0,22.0,183,7.5,Good
4297,4298,91.0,1.0,USA,2000000.0,124494.0,5613,102.0,51.0,0,4.0,33.0,3.0,0.0,36,6.7,Good
4917,4918,105.0,0.0,USA,200000.0,,37,1.0,13.0,38,0.0,178.0,32.0,27.0,263,6.7,Good
2809,2810,127.0,0.0,Iran,14000000.0,1000000.0,524,8.0,2.0,76,109.0,16000.0,469.0,324.0,17250,6.5,Good
4286,4287,102.0,3.0,USA,2000000.0,1477002.0,16645,72.0,168.0,0,22.0,10000.0,1000.0,80.0,11184,6.9,Good
4805,4806,97.0,1.0,UK,650000.0,,10577,64.0,46.0,0,350.0,114.0,61.0,33.0,260,6.9,Good
2040,2041,88.0,0.0,USA,24000000.0,25003072.0,72552,374.0,365.0,13000,192.0,3000.0,859.0,847.0,5737,5.5,Fair
4623,4624,83.0,1.0,USA,,,6531,47.0,95.0,0,224.0,224.0,59.0,37.0,344,4.7,Fair
3273,3274,130.0,1.0,Denmark,7400000.0,3029870.0,128729,551.0,439.0,50000,3000.0,10000.0,4000.0,844.0,15835,7.1,Good
2596,2597,93.0,0.0,USA,15500000.0,1181197.0,3299,24.0,40.0,191,7.0,1000.0,1000.0,922.0,4329,5.9,Fair
92,93,98.0,0.0,USA,165000000.0,217387997.0,485430,492.0,288.0,33000,255.0,18000.0,953.0,759.0,20453,8.2,Excellent
3462,3463,96.0,0.0,USA,7500000.0,143492840.0,414335,881.0,387.0,10000,655.0,24000.0,3000.0,973.0,28817,7.5,Good
126,127,112.0,3.0,USA,170000000.0,206360018.0,414070,532.0,486.0,63000,230.0,26000.0,20000.0,12000.0,59803,7.1,Good
888,889,133.0,1.0,France,47000000.0,6167817.0,62607,239.0,186.0,0,0.0,226.0,52.0,46.0,405,7.7,Good
3424,3425,124.0,0.0,Canada,8000000.0,,4412,31.0,20.0,520,2.0,413.0,265.0,23.0,733,7.7,Good
4440,4441,98.0,2.0,USA,1500000.0,,291,7.0,9.0,283,11.0,979.0,975.0,636.0,4036,6.3,Good
975,976,132.0,0.0,Canada,50000000.0,46982632.0,172792,1740.0,267.0,0,50.0,992.0,495.0,368.0,1933,6.6,Good
3016,3017,104.0,6.0,UK,6000000.0,30093107.0,600996,726.0,151.0,27000,0.0,26000.0,11000.0,1000.0,39175,8.3,Excellent
2222,2223,108.0,1.0,USA,20000000.0,34126138.0,666937,1514.0,273.0,52000,1000.0,14000.0,4000.0,1000.0,19364,8.3,Excellent
112,113,206.0,3.0,Germany,155000000.0,34293771.0,138863,1390.0,248.0,0,0.0,12000.0,11000.0,591.0,24598,5.5,Fair
4857,4858,100.0,2.0,USA,250000.0,902835.0,1489,40.0,9.0,133,0.0,250.0,89.0,51.0,454,6.7,Good
659,660,106.0,2.0,USA,65000000.0,100468793.0,212499,277.0,173.0,0,285.0,8000.0,3000.0,105.0,11264,6.9,Good
3232,3233,97.0,0.0,USA,10000000.0,,2041,18.0,59.0,0,53.0,962.0,545.0,499.0,3465,6.5,Good
2824,2825,124.0,1.0,UK,13500000.0,7060876.0,44795,314.0,132.0,0,133.0,14000.0,230.0,170.0,14726,7.4,Good
3967,3968,120.0,0.0,UK,2000000.0,,23713,167.0,62.0,2000,160.0,559.0,269.0,94.0,1238,7.9,Good
367,368,95.0,0.0,USA,120000000.0,84037039.0,72591,289.0,146.0,0,21.0,12000.0,802.0,503.0,15237,6.8,Good
4722,4723,122.0,0.0,USA,500000.0,33451479.0,17068,215.0,50.0,0,589.0,848.0,153.0,150.0,1164,6.5,Good
3126,3127,100.0,4.0,USA,10000000.0,25339117.0,37885,247.0,76.0,0,4.0,982.0,945.0,678.0,4259,6.5,Good
779,780,111.0,0.0,USA,,35754555.0,47954,150.0,239.0,11000,39.0,16000.0,897.0,461.0,17871,6.8,Good
3973,3974,107.0,0.0,USA,3768785.0,8000000.0,3167,90.0,21.0,456,24.0,277.0,244.0,83.0,731,7.0,Good
372,373,146.0,0.0,USA,100000000.0,78616689.0,238747,2153.0,281.0,11000,14000.0,3000.0,882.0,681.0,6217,7.1,Good
344,345,105.0,0.0,USA,93000000.0,176740650.0,403836,646.0,529.0,47000,81.0,11000.0,1000.0,779.0,13118,7.6,Good
179,180,96.0,0.0,USA,135000000.0,83024900.0,62424,90.0,166.0,13000,13.0,16000.0,881.0,463.0,17416,6.5,Good
587,588,153.0,1.0,USA,75000000.0,120523073.0,885175,1527.0,486.0,42000,16000.0,13000.0,11000.0,11000.0,36741,8.3,Excellent
443,444,97.0,0.0,USA,,82506325.0,27838,102.0,120.0,0,56.0,12000.0,8000.0,852.0,23907,6.4,Good
249,250,108.0,2.0,USA,110000000.0,250863268.0,234480,444.0,179.0,3000,189.0,49000.0,3000.0,1000.0,55486,6.4,Good
4732,4733,108.0,3.0,USA,500000.0,2047570.0,6790,80.0,70.0,491,6.0,54.0,44.0,43.0,194,7.6,Good
1832,1833,97.0,2.0,USA,26000000.0,110222438.0,96693,271.0,129.0,0,70.0,2000.0,528.0,512.0,3984,6.1,Good
564,565,98.0,1.0,USA,69000000.0,55585389.0,64121,241.0,117.0,880,0.0,12000.0,854.0,697.0,15269,5.9,Fair
2023,2024,98.0,4.0,USA,24000000.0,57262492.0,90374,318.0,129.0,0,36.0,13000.0,2000.0,900.0,17582,6.7,Good
1253,1254,109.0,0.0,USA,40000000.0,37371385.0,192462,334.0,342.0,42000,99.0,176.0,61.0,57.0,390,7.0,Good
1318,1319,105.0,0.0,USA,20000000.0,80050171.0,186982,491.0,253.0,0,154.0,884.0,617.0,502.0,2288,6.9,Good
3148,3149,110.0,2.0,USA,30000000.0,15156200.0,15358,131.0,91.0,328,164.0,258.0,218.0,45.0,571,6.0,Fair
1865,1866,120.0,0.0,USA,30000000.0,499263.0,179235,2814.0,406.0,13000,0.0,260.0,252.0,113.0,705,7.1,Good
1856,1857,110.0,2.0,USA,26000000.0,14469428.0,10667,95.0,82.0,260,80.0,826.0,590.0,509.0,2466,5.2,Fair
4415,4416,101.0,3.0,Israel,,2408553.0,4547,33.0,105.0,0,4.0,0.0,0.0,0.0,0,7.6,Good
4946,4947,90.0,2.0,USA,125000.0,1573712.0,21618,62.0,171.0,3000,100.0,830.0,128.0,9.0,973,6.7,Good
2950,2951,99.0,0.0,USA,12000000.0,21133087.0,62468,374.0,164.0,0,192.0,347.0,301.0,282.0,1254,7.0,Good
269,270,171.0,2.0,New Zealand,93000000.0,313837577.0,1238746,5060.0,297.0,21000,0.0,16000.0,5000.0,857.0,22342,8.8,Excellent
3432,3433,106.0,0.0,USA,8000000.0,,662,14.0,15.0,689,155.0,981.0,505.0,391.0,2741,4.2,Fair
1897,1898,101.0,1.0,USA,25000000.0,51676606.0,174591,632.0,226.0,0,395.0,40000.0,14000.0,2000.0,58823,7.8,Good
4258,4259,137.0,3.0,Germany,2000000.0,11284657.0,259379,407.0,215.0,39000,207.0,380.0,284.0,155.0,927,8.5,Excellent
2239,2240,104.0,0.0,USA,20000000.0,20241395.0,42664,403.0,114.0,0,0.0,2000.0,1000.0,877.0,5123,6.1,Good
343,344,92.0,0.0,USA,93000000.0,181166115.0,219501,1236.0,198.0,0,394.0,693.0,595.0,527.0,2574,5.9,Fair
1263,1264,104.0,1.0,USA,30000000.0,42071069.0,36223,208.0,124.0,0,101.0,787.0,299.0,223.0,1827,6.2,Good
4024,4025,107.0,8.0,USA,3500000.0,5354039.0,92599,225.0,290.0,21000,78.0,18000.0,2000.0,969.0,22834,7.1,Good
1835,1836,114.0,0.0,USA,28000000.0,25977365.0,87950,207.0,253.0,15000,71.0,14000.0,439.0,313.0,15428,6.5,Good
4970,4971,114.0,0.0,USA,15000000.0,32721635.0,67824,279.0,241.0,0,29.0,956.0,878.0,616.0,3861,6.6,Good
745,746,146.0,2.0,USA,70000000.0,77862546.0,266310,690.0,171.0,14000,12000.0,18000.0,992.0,451.0,20454,7.7,Good
4750,4751,82.0,0.0,France,500000.0,98017.0,26185,170.0,230.0,46000,248.0,353.0,248.0,196.0,1498,5.8,Fair
1699,1700,100.0,3.0,USA,30000000.0,11576087.0,14747,338.0,85.0,858,38.0,811.0,586.0,362.0,2497,4.1,Fair
2491,2492,101.0,0.0,USA,300000.0,47000000.0,157857,1191.0,318.0,12000,0.0,2000.0,742.0,598.0,4400,7.9,Good
1733,1734,115.0,8.0,USA,29000000.0,183436380.0,97697,185.0,221.0,40000,0.0,10000.0,1000.0,751.0,13159,6.5,Good
3457,3458,107.0,0.0,Germany,5000000.0,,80639,96.0,93.0,25000,23.0,287.0,150.0,93.0,635,7.6,Good
2067,2068,94.0,2.0,USA,23000000.0,11508423.0,3174,19.0,47.0,376,258.0,721.0,463.0,424.0,2453,5.1,Fair
1075,1076,109.0,1.0,USA,45000000.0,106807667.0,137377,370.0,140.0,0,80.0,545.0,337.0,213.0,1574,6.2,Good
4674,4675,75.0,0.0,USA,750000.0,,1477,24.0,21.0,274,21.0,25.0,0.0,0.0,25,7.7,Good
3592,3593,89.0,0.0,USA,8000000.0,22168359.0,29659,227.0,88.0,1000,81.0,321.0,101.0,92.0,584,5.1,Fair
3426,3427,114.0,2.0,China,,50000.0,322,2.0,11.0,81,29.0,163.0,20.0,11.0,219,5.1,Fair
3122,3123,114.0,1.0,USA,17000000.0,30050028.0,42987,201.0,83.0,0,9.0,623.0,472.0,466.0,2484,6.5,Good
2575,2576,112.0,0.0,USA,15000000.0,4734235.0,8217,123.0,65.0,573,28.0,555.0,403.0,215.0,1227,6.0,Fair
4957,4958,110.0,1.0,USA,100000.0,3000000.0,5,1.0,1.0,0,0.0,2.0,2.0,0.0,4,4.8,Fair
63,64,150.0,5.0,USA,180000000.0,291709845.0,286506,1463.0,284.0,0,80.0,1000.0,190.0,82.0,1317,6.9,Good
3946,3947,112.0,0.0,Australia,16000000.0,317125.0,23334,87.0,141.0,0,105.0,18000.0,6000.0,748.0,25269,6.2,Good
2982,2983,90.0,2.0,USA,12000000.0,4922166.0,23606,304.0,60.0,0,7.0,525.0,281.0,251.0,1445,2.1,Bad
4347,4348,108.0,0.0,Egypt,1500000.0,,6678,42.0,68.0,0,63.0,161.0,10.0,5.0,176,8.1,Excellent
4906,4907,95.0,0.0,USA,250000.0,,81,1.0,4.0,47,89.0,471.0,89.0,45.0,705,6.2,Good
1630,1631,107.0,1.0,USA,27800000.0,55210049.0,43743,293.0,98.0,0,0.0,12000.0,664.0,643.0,14710,5.4,Fair
3721,3722,102.0,0.0,Australia,3500000.0,,5894,56.0,18.0,0,18.0,492.0,155.0,75.0,854,7.3,Good
2155,2156,100.0,1.0,USA,28000000.0,153665036.0,84824,95.0,50.0,0,12000.0,936.0,901.0,605.0,4121,6.4,Good
1457,1458,112.0,0.0,USA,35000000.0,26494611.0,48621,239.0,95.0,0,37.0,3000.0,874.0,480.0,5709,6.6,Good
3857,3858,98.0,1.0,USA,,278821.0,5465,37.0,159.0,0,377.0,1000.0,887.0,844.0,5041,6.5,Good
3645,3646,87.0,1.0,USA,,,2050,17.0,39.0,275,2.0,592.0,521.0,99.0,1227,5.9,Fair
794,795,104.0,0.0,USA,60000000.0,30063805.0,31788,243.0,117.0,0,293.0,780.0,265.0,256.0,2109,6.1,Good
1093,1094,129.0,9.0,UK,45000000.0,59365105.0,318634,1004.0,218.0,52000,628.0,14000.0,14000.0,548.0,28886,7.7,Good
2424,2425,121.0,1.0,USA,18000000.0,45250.0,235133,494.0,151.0,0,17000.0,22000.0,394.0,356.0,23008,8.3,Excellent
315,316,102.0,1.0,USA,100000000.0,49392095.0,52029,224.0,167.0,0,52.0,8000.0,735.0,526.0,10552,5.4,Fair
2367,2368,95.0,2.0,USA,18000000.0,56127162.0,57479,205.0,97.0,0,189.0,500.0,308.0,306.0,2020,5.4,Fair
292,293,98.0,10.0,USA,100000000.0,148383780.0,85531,152.0,180.0,0,80.0,22000.0,713.0,708.0,24082,5.5,Fair
91,92,120.0,0.0,USA,165000000.0,102315545.0,58137,520.0,286.0,67000,776.0,890.0,812.0,535.0,3233,5.5,Fair
4148,4149,93.0,0.0,USA,3000000.0,100675.0,5695,23.0,73.0,0,4.0,875.0,412.0,394.0,2305,6.4,Good
1650,1651,113.0,1.0,USA,38000000.0,40137776.0,186977,529.0,253.0,13000,395.0,8000.0,189.0,77.0,8362,7.6,Good
418,419,97.0,1.0,UK,100000000.0,46440491.0,35446,78.0,190.0,0,6.0,1000.0,579.0,561.0,2707,7.1,Good
610,611,136.0,1.0,USA,70000000.0,37901509.0,96385,119.0,76.0,0,218.0,11000.0,691.0,400.0,12226,7.0,Good
465,466,88.0,1.0,USA,80000000.0,90443603.0,112167,123.0,46.0,0,30.0,13000.0,967.0,366.0,15001,6.3,Good
4399,4400,99.0,0.0,USA,,,3313,40.0,68.0,2000,4.0,427.0,253.0,114.0,992,3.7,Bad
3730,3731,106.0,0.0,USA,5000000.0,17382982.0,5975,33.0,9.0,0,23.0,1000.0,694.0,467.0,2840,5.2,Fair
1008,1009,119.0,8.0,USA,50000000.0,24006726.0,139535,632.0,259.0,0,0.0,13000.0,1000.0,639.0,15757,7.3,Good
1961,1962,107.0,2.0,USA,25000000.0,14637490.0,16411,136.0,160.0,0,0.0,798.0,374.0,255.0,2537,4.8,Fair
4865,4866,92.0,2.0,UK,250000.0,177840.0,708,22.0,29.0,93,99.0,793.0,605.0,181.0,1987,6.1,Good
3855,3856,122.0,1.0,Netherlands,4500000.0,713413.0,9171,68.0,54.0,689,4.0,25.0,20.0,3.0,48,7.8,Good
4783,4784,103.0,0.0,USA,500000.0,23000.0,5931,58.0,88.0,0,365.0,907.0,365.0,49.0,1411,6.2,Good
3577,3578,108.0,0.0,USA,4000000.0,,39856,300.0,203.0,0,228.0,431.0,426.0,358.0,2020,7.3,Good
4866,4867,75.0,1.0,USA,,47111.0,1227,11.0,27.0,62,269.0,100.0,8.0,7.0,127,6.8,Good
2138,2139,133.0,0.0,USA,,37721949.0,6067,73.0,75.0,0,0.0,1000.0,912.0,637.0,6035,6.0,Fair
4879,4880,66.0,2.0,USA,250000.0,,6,1.0,1.0,53,0.0,0.0,0.0,0.0,0,7.8,Good
4428,4429,84.0,1.0,USA,1500000.0,173066.0,21379,88.0,100.0,0,0.0,634.0,328.0,158.0,1238,6.3,Good
1020,1021,135.0,1.0,USA,50000000.0,10400000.0,12037,90.0,34.0,943,596.0,10000.0,3000.0,2000.0,15820,5.1,Fair
896,897,110.0,1.0,USA,54000000.0,75604320.0,68417,195.0,136.0,0,94.0,277.0,245.0,240.0,847,5.6,Fair
3918,3919,127.0,0.0,USA,4000000.0,,12677,89.0,50.0,414,13000.0,204.0,187.0,148.0,753,6.3,Good
1470,1471,107.0,5.0,USA,55000000.0,19389454.0,54643,335.0,173.0,0,161.0,21000.0,826.0,549.0,22974,7.4,Good
4667,4668,94.0,1.0,USA,800000.0,,3480,30.0,17.0,396,3.0,262.0,262.0,181.0,991,7.2,Good
2372,2373,125.0,0.0,Japan,19000000.0,10049886.0,417971,902.0,246.0,28000,6000.0,17.0,10.0,7.0,44,8.6,Excellent
2658,2659,124.0,0.0,USA,15000000.0,27441122.0,14322,116.0,68.0,0,107.0,1000.0,886.0,865.0,5135,7.2,Good
1664,1665,125.0,1.0,USA,30000000.0,38432823.0,33067,134.0,85.0,0,21.0,12000.0,2000.0,581.0,15811,6.9,Good
316,317,131.0,15.0,USA,90000000.0,39292022.0,127258,351.0,320.0,56000,385.0,26000.0,13000.0,11000.0,52610,6.1,Good
1516,1517,101.0,0.0,Japan,34000000.0,15081783.0,85589,144.0,256.0,0,6000.0,6.0,3.0,2.0,13,7.7,Good
4443,4444,102.0,,USA,2000000.0,,108,1.0,,232,5.0,3000.0,660.0,259.0,4320,8.2,Excellent
966,967,124.0,0.0,USA,50000000.0,52752475.0,63067,533.0,152.0,0,213.0,838.0,593.0,372.0,2583,6.7,Good
2457,2458,116.0,2.0,Australia,18000000.0,4435083.0,27882,119.0,186.0,18000,6.0,25000.0,14000.0,212.0,39463,7.1,Good
4790,4791,92.0,0.0,USA,400000.0,44540956.0,161448,1473.0,220.0,0,100.0,970.0,759.0,482.0,3950,6.9,Good
1040,1041,120.0,0.0,USA,49000000.0,31569268.0,172965,627.0,371.0,67000,662.0,20000.0,2000.0,502.0,23051,6.9,Good
3209,3210,98.0,0.0,USA,11000000.0,1987762.0,59297,216.0,376.0,12000,607.0,11000.0,414.0,251.0,11853,6.7,Good
4502,4503,85.0,10.0,USA,1200000.0,7826.0,132,2.0,17.0,87,0.0,49000.0,931.0,924.0,54484,6.2,Good
893,894,92.0,3.0,USA,55000000.0,9483821.0,39247,131.0,279.0,10000,394.0,13000.0,11000.0,565.0,25418,5.7,Fair
1380,1381,118.0,4.0,USA,37000000.0,150368971.0,316671,301.0,289.0,35000,43.0,740.0,707.0,651.0,3425,7.0,Good
4298,4299,,2.0,India,,,275,1.0,1.0,10,4.0,353.0,89.0,72.0,613,2.8,Bad
4926,4927,108.0,2.0,USA,,,6025,28.0,48.0,0,14.0,2000.0,1000.0,826.0,4385,5.8,Fair
4095,4096,94.0,0.0,USA,3000000.0,,37594,181.0,112.0,0,0.0,820.0,350.0,180.0,1618,8.0,Good
1211,1212,178.0,0.0,USA,40000000.0,75305995.0,110394,433.0,209.0,0,138.0,904.0,876.0,748.0,5074,7.7,Good
2166,2167,108.0,1.0,USA,35000000.0,81257845.0,210680,479.0,204.0,0,0.0,2000.0,931.0,487.0,4403,7.1,Good
4490,4491,111.0,0.0,USA,1200000.0,9180275.0,22145,231.0,122.0,756,50.0,2000.0,710.0,612.0,4288,7.7,Good
4883,4884,90.0,0.0,USA,250000.0,,37,2.0,6.0,199,30.0,699.0,683.0,670.0,3967,8.0,Good
1442,1443,112.0,4.0,USA,35000000.0,39026186.0,48019,153.0,128.0,13000,42.0,969.0,826.0,196.0,2371,5.9,Fair
1091,1092,89.0,0.0,USA,45000000.0,65557989.0,73539,271.0,119.0,0,49.0,2000.0,902.0,514.0,3717,4.6,Fair
4903,4904,86.0,3.0,USA,200000.0,215185.0,48,2.0,7.0,26,0.0,178.0,58.0,15.0,279,7.5,Good
382,383,114.0,0.0,USA,90000000.0,60874615.0,60467,949.0,181.0,0,0.0,3000.0,933.0,281.0,4902,5.6,Fair
238,239,138.0,1.0,USA,120000000.0,132550960.0,328067,533.0,440.0,68000,446.0,20000.0,992.0,929.0,23755,6.7,Good
482,483,99.0,4.0,USA,80000000.0,69772969.0,155532,543.0,166.0,0,57.0,20000.0,3000.0,820.0,25942,6.5,Good
12,13,151.0,2.0,USA,225000000.0,423032628.0,522040,1832.0,313.0,5000,563.0,40000.0,5000.0,1000.0,48486,7.3,Good
1784,1785,94.0,4.0,USA,28000000.0,24268828.0,29971,71.0,97.0,0,32.0,1000.0,626.0,453.0,3436,5.4,Fair
2877,2878,107.0,2.0,USA,13000000.0,18004225.0,28573,87.0,150.0,5000,80.0,2000.0,257.0,252.0,3004,5.7,Fair
1963,1964,101.0,1.0,USA,25000000.0,14095303.0,15814,68.0,50.0,503,17.0,900.0,246.0,218.0,1634,5.4,Fair
3110,3111,75.0,0.0,USA,10000000.0,,111649,437.0,124.0,0,73.0,1000.0,745.0,581.0,3192,6.7,Good
4266,4267,115.0,0.0,Mexico,2000000.0,5383834.0,173551,361.0,157.0,11000,0.0,85.0,79.0,35.0,318,8.1,Excellent
3028,3029,116.0,2.0,USA,25000000.0,93571803.0,275869,389.0,410.0,36000,737.0,23000.0,238.0,141.0,23811,7.9,Good
855,856,85.0,2.0,USA,55000000.0,66365290.0,56874,358.0,140.0,0,0.0,21000.0,860.0,490.0,22458,6.4,Good
2465,2466,334.0,0.0,France,,145118.0,10111,36.0,108.0,0,,897.0,30.0,30.0,1032,7.7,Good
1004,1005,118.0,0.0,USA,50000000.0,25450527.0,80196,190.0,245.0,0,670.0,6000.0,450.0,294.0,7654,6.5,Good
4663,4664,110.0,1.0,Germany,,9950.0,7431,84.0,71.0,926,21.0,426.0,20.0,3.0,455,8.0,Good
639,640,117.0,0.0,USA,,27550735.0,27481,113.0,178.0,12000,44.0,788.0,562.0,531.0,3524,6.8,Good
3527,3528,103.0,0.0,USA,3500000.0,236266.0,15104,290.0,103.0,0,835.0,13000.0,0.0,,13000,6.2,Good
1851,1852,105.0,0.0,USA,26000000.0,28501651.0,88035,201.0,217.0,10000,260.0,20000.0,15000.0,3000.0,42473,7.1,Good
1744,1745,88.0,0.0,Romania,12000000.0,17016190.0,28632,214.0,148.0,0,64.0,1000.0,857.0,363.0,2567,4.9,Fair
45,46,123.0,0.0,USA,190000000.0,202351611.0,465019,995.0,654.0,129000,395.0,17000.0,11000.0,1000.0,32392,7.0,Good
1360,1361,118.0,1.0,USA,37000000.0,6482195.0,9740,81.0,38.0,389,11.0,37.0,12.0,12.0,74,6.4,Good
3567,3568,100.0,2.0,USA,6500000.0,2024854.0,564,21.0,4.0,19,0.0,1000.0,373.0,266.0,1942,6.6,Good
810,811,132.0,0.0,USA,80000000.0,10166502.0,18209,183.0,81.0,0,131.0,11000.0,298.0,242.0,12133,6.7,Good
5022,5023,88.0,2.0,USA,15000.0,76382.0,1194,8.0,22.0,324,38.0,331.0,212.0,211.0,1546,6.2,Good
683,684,131.0,0.0,USA,65000000.0,43532294.0,46951,175.0,96.0,0,368.0,11000.0,529.0,383.0,12088,7.1,Good
568,569,153.0,1.0,USA,75000000.0,51814190.0,100837,301.0,230.0,0,0.0,11000.0,561.0,130.0,11852,6.4,Good
4231,4232,90.0,2.0,USA,2200000.0,,1118,9.0,11.0,77,0.0,676.0,399.0,306.0,1651,4.3,Fair
1279,1280,99.0,0.0,USA,40000000.0,25117498.0,37412,178.0,190.0,0,81.0,327.0,253.0,135.0,960,5.7,Fair
4208,4209,89.0,2.0,USA,2500000.0,,858,7.0,2.0,190,20.0,794.0,607.0,555.0,2579,5.8,Fair
623,624,88.0,1.0,USA,70000000.0,8460990.0,5116,54.0,51.0,5000,6.0,2000.0,1000.0,854.0,6946,5.6,Fair
2278,2279,94.0,2.0,USA,20000000.0,12398628.0,21542,88.0,64.0,977,394.0,922.0,855.0,565.0,2880,6.1,Good
747,748,101.0,5.0,USA,60000000.0,88200225.0,120795,308.0,173.0,0,480.0,881.0,869.0,767.0,3943,6.1,Good
4587,4588,120.0,0.0,USA,,227241.0,56,2.0,,32,0.0,12.0,3.0,0.0,15,7.4,Good
2553,2554,130.0,2.0,USA,16000000.0,28734552.0,9566,81.0,41.0,1000,309.0,939.0,881.0,522.0,3107,6.4,Good
1772,1773,83.0,3.0,Germany,28000000.0,37053924.0,77935,122.0,220.0,0,181.0,731.0,579.0,459.0,1987,6.1,Good
2141,2142,104.0,1.0,USA,21000000.0,17757087.0,13065,253.0,85.0,897,52.0,711.0,490.0,484.0,3162,4.6,Fair
4925,4926,92.0,1.0,USA,100000.0,1316074.0,71387,228.0,242.0,21000,135.0,574.0,399.0,259.0,1303,7.0,Good
4381,4382,105.0,0.0,USA,2000000.0,92401.0,56402,209.0,225.0,17000,68.0,635.0,445.0,374.0,2423,6.3,Good
1714,1715,118.0,2.0,USA,30000000.0,10880926.0,54147,127.0,217.0,0,76.0,3000.0,678.0,174.0,4253,6.5,Good
2313,2314,111.0,3.0,USA,20000000.0,5205343.0,11958,39.0,79.0,1000,650.0,690.0,224.0,181.0,1573,6.4,Good
753,754,119.0,0.0,USA,60000000.0,53789313.0,89816,347.0,196.0,0,610.0,834.0,780.0,716.0,3637,6.3,Good
4593,4594,95.0,0.0,USA,900000.0,100659.0,30160,193.0,238.0,0,243.0,969.0,962.0,725.0,3833,6.4,Good
53,54,122.0,2.0,USA,185000000.0,317011114.0,333847,2054.0,470.0,5000,14000.0,11000.0,1000.0,1000.0,14959,6.2,Good
870,871,102.0,4.0,USA,68000000.0,34350553.0,104066,207.0,265.0,15000,82.0,622.0,591.0,537.0,2488,5.7,Fair
1980,1981,112.0,2.0,USA,25000000.0,10911750.0,17757,99.0,143.0,982,108.0,23000.0,17000.0,2000.0,43560,6.5,Good
85,86,136.0,1.0,USA,170000000.0,259746958.0,496749,742.0,576.0,55000,94.0,19000.0,11000.0,2000.0,36188,7.8,Good
4549,4550,122.0,0.0,USA,,5355376.0,9638,67.0,129.0,0,17000.0,543.0,426.0,184.0,1218,7.2,Good
3653,3654,115.0,0.0,USA,50000000.0,31874869.0,43575,302.0,136.0,0,58.0,33000.0,455.0,400.0,34605,6.1,Good
2821,2822,107.0,2.0,USA,13500000.0,15854988.0,36542,378.0,181.0,0,162.0,2000.0,258.0,135.0,2447,7.4,Good
2460,2461,92.0,0.0,USA,,,436,6.0,15.0,378,662.0,662.0,290.0,161.0,1498,4.0,Bad
2682,2683,122.0,3.0,UK,15000000.0,17237244.0,57210,158.0,291.0,13000,210.0,22000.0,164.0,123.0,22574,6.8,Good
1828,1829,104.0,1.0,USA,25000000.0,1089365.0,23767,111.0,137.0,845,272.0,22000.0,18000.0,17000.0,71973,5.7,Fair
3049,3050,84.0,1.0,USA,11000000.0,13592872.0,10777,79.0,58.0,671,71.0,8000.0,723.0,553.0,10982,5.1,Fair
4886,4887,108.0,3.0,USA,250000.0,,330,2.0,17.0,231,0.0,431.0,297.0,142.0,1087,7.1,Good
4093,4094,98.0,0.0,USA,3000000.0,3902679.0,3943,49.0,22.0,217,16.0,687.0,233.0,222.0,1806,5.3,Fair
4966,4967,68.0,3.0,USA,,,67,9.0,1.0,10,2.0,142.0,86.0,75.0,354,7.1,Good
2718,2719,107.0,2.0,France,15000000.0,5023275.0,34194,199.0,172.0,0,0.0,572.0,324.0,289.0,1627,7.5,Good
4575,4576,97.0,0.0,USA,1000000.0,464655.0,1524,29.0,28.0,166,4.0,611.0,394.0,301.0,1692,7.0,Good
4713,4714,105.0,3.0,UK,400000.0,,74,2.0,22.0,34,0.0,0.0,0.0,0.0,0,7.7,Good
1393,1394,95.0,0.0,USA,36000000.0,2954405.0,1977,64.0,63.0,133,31.0,944.0,886.0,450.0,2928,5.3,Fair
2376,2377,129.0,1.0,USA,19000000.0,8396942.0,72715,103.0,102.0,0,51.0,948.0,822.0,630.0,4324,6.5,Good
980,981,104.0,1.0,USA,55000000.0,42610000.0,60293,114.0,36.0,669,644.0,437.0,289.0,174.0,1093,5.5,Fair
2227,2228,98.0,0.0,Australia,20000000.0,29975979.0,105797,281.0,292.0,0,35.0,125.0,37.0,16.0,189,6.5,Good
5032,5033,77.0,0.0,USA,7000.0,424760.0,72639,371.0,143.0,19000,291.0,291.0,45.0,8.0,368,7.0,Good
1270,1271,117.0,0.0,USA,40000000.0,30981850.0,35834,284.0,98.0,0,260.0,1000.0,1000.0,441.0,3969,5.0,Fair
2479,2480,121.0,1.0,UK,17500000.0,23472900.0,264533,609.0,187.0,12000,83.0,3000.0,460.0,242.0,4142,8.1,Excellent
3980,3981,113.0,3.0,UK,30000000.0,61094903.0,210548,332.0,349.0,29000,174.0,14000.0,902.0,767.0,17151,6.9,Good
2167,2168,101.0,0.0,USA,18000000.0,70360285.0,81783,283.0,72.0,0,545.0,1000.0,1000.0,545.0,3816,5.8,Fair
2474,2475,119.0,2.0,USA,20000000.0,121463226.0,422606,555.0,256.0,0,99.0,15000.0,833.0,778.0,17584,7.6,Good
298,299,103.0,3.0,USA,92000000.0,85017401.0,246803,474.0,383.0,108000,165.0,26000.0,13000.0,13000.0,57881,6.7,Good
4545,4546,109.0,8.0,USA,900000.0,9000000.0,7584,137.0,101.0,0,199.0,503.0,46.0,44.0,731,6.2,Good
1264,1265,30.0,0.0,Canada,,,8495,43.0,3.0,301,,51.0,21.0,12.0,108,7.4,Good
4363,4364,109.0,0.0,USA,,841206.0,2603,34.0,68.0,952,0.0,553.0,471.0,186.0,1439,6.3,Good
2353,2354,125.0,0.0,China,19400000.0,8047690.0,77656,220.0,143.0,0,43.0,2000.0,594.0,7.0,2608,7.5,Good
1529,1530,105.0,0.0,Germany,33000000.0,34014398.0,115649,1033.0,285.0,4000,160.0,852.0,521.0,491.0,2604,5.6,Fair
4086,4087,197.0,0.0,Australia,15000000.0,,299,1.0,,367,,578.0,476.0,110.0,1400,7.4,Good
4383,4384,86.0,0.0,UK,1700000.0,992238.0,16349,103.0,124.0,869,84.0,680.0,46.0,34.0,763,6.8,Good
1397,1398,105.0,0.0,Hong Kong,36000000.0,2126511.0,21912,45.0,78.0,12000,25.0,461.0,79.0,51.0,615,7.2,Good
738,739,130.0,2.0,USA,60000000.0,80033643.0,226570,448.0,387.0,38000,188.0,10000.0,3000.0,1000.0,16385,7.0,Good
2123,2124,105.0,1.0,USA,22000000.0,1796024.0,34985,135.0,138.0,0,43.0,22000.0,14000.0,827.0,37766,5.4,Fair
4748,4749,97.0,0.0,Switzerland,500000.0,,3013,24.0,10.0,344,32.0,11000.0,422.0,329.0,11839,5.8,Fair
3708,3709,93.0,0.0,USA,8500000.0,34872293.0,30765,252.0,91.0,963,54.0,40000.0,618.0,581.0,42002,4.9,Fair
1636,1637,102.0,0.0,USA,,49186871.0,12570,86.0,73.0,771,7.0,984.0,934.0,521.0,2910,5.2,Fair
42,43,103.0,3.0,USA,200000000.0,414984497.0,544884,733.0,453.0,30000,125.0,15000.0,1000.0,721.0,19085,8.3,Excellent
4560,4561,97.0,1.0,USA,1000000.0,2508841.0,21746,93.0,181.0,0,33.0,496.0,238.0,229.0,994,7.2,Good
719,720,99.0,2.0,USA,70000000.0,101217900.0,91093,353.0,120.0,0,59.0,770.0,263.0,145.0,1195,7.0,Good
4164,4165,109.0,1.0,USA,2686585.0,,5786,65.0,27.0,573,673.0,756.0,370.0,359.0,1949,6.9,Good
4703,4704,67.0,5.0,USA,625000.0,,344,5.0,5.0,0,4.0,260000.0,21000.0,2000.0,283939,3.9,Bad
937,938,116.0,2.0,USA,50000000.0,105807520.0,156717,357.0,140.0,0,80.0,11000.0,1000.0,651.0,14087,6.4,Good
1497,1498,117.0,1.0,USA,35000000.0,7458269.0,70698,196.0,147.0,9000,0.0,883.0,883.0,567.0,3611,6.9,Good
1642,1643,118.0,1.0,USA,,42643187.0,34910,145.0,95.0,0,0.0,696.0,663.0,543.0,2577,7.2,Good
2773,2774,123.0,2.0,UK,14000000.0,46800000.0,76477,275.0,112.0,0,43.0,456.0,244.0,238.0,1326,7.1,Good
2885,2886,118.0,4.0,USA,13000000.0,1150403.0,14143,102.0,129.0,0,41.0,2000.0,812.0,442.0,3474,7.1,Good
286,287,119.0,0.0,USA,100000000.0,180011740.0,177725,1368.0,230.0,0,13000.0,1000.0,658.0,567.0,2776,5.7,Fair
4240,4241,125.0,0.0,USA,2100000.0,3330.0,22,1.0,4.0,305,7.0,128.0,22.0,17.0,214,7.2,Good
3311,3312,120.0,1.0,Italy,9000000.0,349618.0,4302,45.0,76.0,375,930.0,982.0,602.0,433.0,2942,6.1,Good
2333,2334,103.0,1.0,Japan,2127519898.0,410388.0,13727,79.0,105.0,973,78.0,488.0,336.0,101.0,991,6.9,Good
1183,1184,126.0,0.0,USA,8000000.0,90800000.0,126907,235.0,81.0,0,80.0,668.0,641.0,225.0,2004,7.2,Good
3681,3682,93.0,1.0,Finland,3850000.0,611709.0,15267,41.0,205.0,0,592.0,232.0,67.0,36.0,391,7.2,Good
1581,1582,116.0,4.0,USA,144000000.0,118099659.0,69790,1211.0,464.0,62000,176.0,783.0,370.0,322.0,2097,5.5,Fair
2864,2865,84.0,0.0,USA,13000000.0,8026971.0,1520,20.0,23.0,204,18.0,1000.0,851.0,744.0,3352,3.8,Bad
1822,1823,106.0,0.0,USA,27000000.0,7486906.0,17436,71.0,118.0,0,43.0,1000.0,506.0,460.0,2495,6.8,Good
1156,1157,90.0,1.0,USA,42000000.0,87856565.0,106909,268.0,108.0,0,29.0,22000.0,923.0,650.0,24534,5.9,Fair
1769,1770,96.0,0.0,USA,28000000.0,39514713.0,60494,132.0,36.0,16000,197.0,580.0,336.0,115.0,1275,6.7,Good
3406,3407,98.0,0.0,UK,8000000.0,,802,15.0,17.0,79,136.0,977.0,649.0,249.0,2413,4.0,Bad
2573,2574,97.0,1.0,USA,,11540112.0,2385,20.0,21.0,177,3.0,1000.0,584.0,578.0,3835,3.6,Bad
4619,4620,96.0,0.0,Spain,,,955,7.0,9.0,68,0.0,90.0,0.0,0.0,90,7.2,Good
4821,4822,96.0,1.0,USA,350000.0,,447785,888.0,177.0,40000,0.0,359.0,259.0,253.0,1433,8.9,Excellent
2410,2411,131.0,0.0,UK,19800000.0,41300105.0,65201,651.0,187.0,0,500.0,1000.0,559.0,555.0,3261,7.3,Good
4780,4781,107.0,0.0,UK,2000000.0,768045.0,19732,120.0,92.0,0,521.0,773.0,89.0,80.0,976,7.7,Good
4177,4178,103.0,0.0,USA,2540800.0,,150020,568.0,169.0,0,134.0,804.0,786.0,390.0,2510,8.3,Excellent
1485,1486,111.0,3.0,USA,35000000.0,11405825.0,28542,208.0,119.0,0,529.0,18000.0,826.0,505.0,19805,6.8,Good
4538,4539,86.0,0.0,UK,1000000.0,14564027.0,76407,335.0,203.0,0,385.0,266.0,209.0,100.0,673,7.0,Good
2531,2532,122.0,2.0,USA,16800000.0,220914.0,13239,97.0,105.0,0,30.0,21000.0,3000.0,260.0,25173,6.5,Good
3690,3691,94.0,0.0,UK,4000000.0,,13227,70.0,187.0,11000,4.0,796.0,567.0,114.0,1832,6.3,Good
3962,3963,84.0,1.0,Australia,,,27781,104.0,182.0,0,18.0,399.0,129.0,35.0,644,6.7,Good
4702,4703,90.0,0.0,USA,650000.0,,3699,27.0,34.0,1000,4.0,523.0,385.0,258.0,1553,5.4,Fair
4055,4056,87.0,0.0,USA,2200000.0,30000000.0,43485,327.0,138.0,0,28.0,426.0,359.0,217.0,1472,5.4,Fair
1240,1241,99.0,0.0,USA,40000000.0,52320979.0,114321,548.0,175.0,0,18.0,18000.0,426.0,211.0,18693,6.8,Good
2373,2374,118.0,1.0,China,,,1904,12.0,23.0,332,0.0,483.0,91.0,30.0,635,6.2,Good
4935,4936,88.0,0.0,USA,83532.0,30859000.0,96411,826.0,277.0,0,365.0,383.0,371.0,177.0,1094,7.5,Good
2399,2400,103.0,0.0,USA,17000000.0,6061759.0,49077,475.0,142.0,0,15.0,723.0,552.0,172.0,1615,6.3,Good
1607,1608,102.0,2.0,USA,30000000.0,79566871.0,31760,140.0,131.0,0,23.0,1000.0,1000.0,635.0,4516,4.2,Fair
2412,2413,103.0,0.0,USA,18000000.0,41382841.0,27149,96.0,44.0,0,0.0,12000.0,899.0,805.0,14672,6.3,Good
828,829,103.0,0.0,USA,57000000.0,51317350.0,78343,139.0,60.0,0,357.0,2000.0,663.0,40.0,2710,6.4,Good
4721,4722,83.0,6.0,Slovenia,500000.0,,86,2.0,2.0,18,0.0,0.0,0.0,0.0,0,6.4,Good
780,781,117.0,1.0,UK,80000000.0,43290977.0,75201,256.0,258.0,0,258.0,2000.0,1000.0,896.0,7053,6.6,Good
2646,2647,114.0,0.0,USA,15000000.0,32721635.0,67822,279.0,241.0,0,29.0,956.0,878.0,616.0,3861,6.6,Good
3905,3906,165.0,0.0,USA,4000000.0,25359200.0,266020,836.0,548.0,92000,0.0,230.0,193.0,127.0,673,8.0,Good
3982,3983,113.0,2.0,USA,3600000.0,,76616,334.0,88.0,0,154.0,183.0,89.0,77.0,465,7.9,Good
1959,1960,93.0,0.0,USA,8000000.0,17427926.0,60062,351.0,233.0,0,27.0,960.0,664.0,49.0,1749,5.9,Fair
3101,3102,100.0,8.0,USA,10000000.0,50752337.0,44502,46.0,22.0,0,65.0,633.0,613.0,577.0,3362,6.4,Good
19,20,164.0,0.0,New Zealand,250000000.0,255108370.0,354228,802.0,422.0,65000,0.0,5000.0,972.0,773.0,9152,7.5,Good
1117,1118,117.0,0.0,USA,45000000.0,20101861.0,24757,81.0,43.0,0,11000.0,905.0,484.0,451.0,2348,6.0,Fair
2218,2219,113.0,0.0,UK,20000000.0,27277055.0,143137,602.0,174.0,10000,350.0,1000.0,960.0,619.0,3141,7.6,Good
3378,3379,112.0,0.0,USA,,18811135.0,15337,172.0,95.0,0,3.0,876.0,801.0,268.0,2832,7.5,Good
3874,3875,124.0,1.0,Sweden,,188870.0,13443,25.0,90.0,0,79.0,309.0,254.0,93.0,857,6.7,Good
1845,1846,107.0,3.0,UK,26000000.0,45506619.0,225102,862.0,197.0,16000,0.0,1000.0,596.0,577.0,3066,7.8,Good
2447,2448,112.0,2.0,Germany,13000000.0,6615578.0,15352,82.0,184.0,0,97.0,577.0,416.0,231.0,1341,7.0,Good
604,605,118.0,7.0,USA,70000000.0,78031620.0,102248,403.0,371.0,34000,0.0,13000.0,13000.0,559.0,27674,6.1,Good
4786,4787,52.0,0.0,USA,450000.0,,78,10.0,,460,0.0,8.0,2.0,0.0,10,8.2,Excellent
2677,2678,108.0,2.0,USA,15000000.0,24984868.0,50056,152.0,172.0,0,79.0,775.0,614.0,537.0,3033,6.3,Good
178,179,156.0,0.0,USA,135000000.0,183635922.0,406020,1188.0,556.0,190000,0.0,29000.0,27000.0,733.0,57108,8.1,Excellent
5003,5004,78.0,0.0,USA,30000.0,243768.0,143,9.0,3.0,13,6.0,32.0,17.0,17.0,72,4.1,Fair
3838,3839,97.0,1.0,Spain,4600000.0,434417.0,8867,65.0,121.0,0,4.0,13000.0,1000.0,577.0,15093,5.9,Fair
3079,3080,120.0,0.0,USA,10500000.0,434949459.0,281842,515.0,215.0,34000,14000.0,861.0,725.0,548.0,2811,7.9,Good
1880,1881,82.0,0.0,USA,30000000.0,80920948.0,23943,118.0,66.0,425,8.0,770.0,677.0,179.0,2251,6.0,Fair
1829,1830,120.0,4.0,Canada,23000000.0,763044.0,4257,52.0,54.0,188,278.0,844.0,766.0,387.0,3286,6.2,Good
956,957,127.0,3.0,USA,50000000.0,67823573.0,91176,130.0,64.0,0,249.0,18000.0,11000.0,808.0,30383,6.6,Good
2657,2658,106.0,5.0,USA,14000000.0,32645546.0,8427,88.0,96.0,1000,61.0,907.0,807.0,649.0,3462,6.4,Good
160,161,121.0,0.0,USA,139000000.0,403706375.0,544665,2012.0,291.0,5000,0.0,24000.0,11000.0,4000.0,40484,7.3,Good
3313,3314,121.0,0.0,UK,9000000.0,112935.0,8161,94.0,81.0,484,608.0,149.0,44.0,25.0,251,7.6,Good
1048,1049,123.0,1.0,USA,48000000.0,47095453.0,64595,316.0,125.0,0,446.0,20000.0,1000.0,821.0,22209,6.4,Good
3200,3201,97.0,2.0,USA,10000000.0,7574066.0,30325,96.0,270.0,0,387.0,6000.0,139.0,64.0,6322,6.3,Good
4391,4392,,5.0,USA,,2592808.0,548,15.0,5.0,588,8.0,713.0,607.0,394.0,3137,3.5,Bad
5023,5024,78.0,0.0,USA,20000.0,,1771,35.0,42.0,835,91.0,407.0,91.0,86.0,674,4.0,Bad
2454,2455,117.0,0.0,Australia,,4806750.0,6091,53.0,83.0,0,78.0,989.0,258.0,238.0,1598,7.4,Good
4139,4140,97.0,1.0,Italy,3000000.0,,240,9.0,9.0,37,96.0,201.0,39.0,37.0,277,6.2,Good
3095,3096,109.0,0.0,USA,10000000.0,47536959.0,86956,275.0,323.0,12000,304.0,939.0,906.0,736.0,3276,7.3,Good
2791,2792,117.0,6.0,Italy,12000000.0,14348123.0,9323,157.0,62.0,970,160.0,718.0,330.0,55.0,1148,6.9,Good
2521,2522,97.0,0.0,UK,17000000.0,2315683.0,4081,28.0,21.0,154,3.0,400.0,193.0,161.0,805,3.0,Bad
732,733,111.0,4.0,USA,58000000.0,90356857.0,238916,328.0,315.0,32000,124.0,13000.0,11000.0,357.0,24928,7.1,Good
925,926,130.0,2.0,USA,50000000.0,296623634.0,220758,919.0,299.0,13000,129.0,21000.0,17000.0,12000.0,64040,4.6,Fair
1195,1196,134.0,0.0,USA,40000000.0,102310175.0,64989,279.0,300.0,40000,0.0,1000.0,575.0,336.0,2676,7.8,Good
2347,2348,83.0,0.0,South Africa,20000000.0,,5203,11.0,39.0,1000,0.0,12000.0,857.0,700.0,15680,5.8,Fair
2306,2307,87.0,4.0,USA,20000000.0,6563357.0,18571,120.0,58.0,847,29.0,1000.0,794.0,522.0,4218,5.3,Fair
2558,2559,114.0,4.0,USA,16500000.0,26896744.0,16582,125.0,124.0,0,15.0,851.0,680.0,650.0,3485,4.9,Fair
1272,1273,135.0,1.0,USA,40000000.0,29077547.0,41685,754.0,146.0,3000,0.0,3000.0,1000.0,715.0,5917,7.0,Good
916,917,215.0,0.0,USA,52000000.0,36385763.0,138941,1448.0,156.0,0,0.0,648.0,568.0,463.0,1937,7.6,Good
2232,2233,90.0,0.0,USA,20000000.0,25077977.0,10986,84.0,84.0,0,0.0,681.0,611.0,518.0,2486,5.3,Fair
3343,3344,128.0,2.0,India,12000000.0,4018695.0,69759,235.0,210.0,27000,160.0,8000.0,327.0,81.0,8532,8.0,Good
4203,4204,80.0,0.0,USA,2500000.0,99851.0,1138,30.0,28.0,0,0.0,191.0,12.0,5.0,210,7.1,Good
3350,3351,126.0,0.0,USA,8000000.0,90800000.0,126916,235.0,81.0,0,80.0,668.0,641.0,225.0,2004,7.2,Good
4768,4769,93.0,1.0,USA,12000000.0,37188667.0,34219,578.0,111.0,0,33.0,1000.0,188.0,135.0,1531,3.3,Bad
